{
  "project_info": {
    "project_number": "148874969708",
    "project_id": "gohike-project",
    "storage_bucket": "gohike-project.firebasestorage.app"
  },
  "client": [
    {
      "client_info": {
        "mobilesdk_app_id": "1:148874969708:android:0b2cf1a753217ae40d4e49",
        "android_client_info": {
          "package_name": "com.example.gohike"
        }
      },
      "oauth_client": [],
      "api_key": [
        {
          "current_key": "AIzaSyD3PgxEUTrrIKu72DiC5kKAIUn8fA8ZRkc"
        }
      ],
      "services": {
        "appinvite_service": {
          "other_platform_oauth_client": []
        }
      }
    }
  ],
  "configuration_version": "1"
}